,acc,uar,epoch,dataset
fold1,0.6275449101796408,0.5279906166389974,331,msp-improv
fold2,0.584250635055038,0.477615574898342,378,msp-improv
fold3,0.5611888111888111,0.4884275116248212,404,msp-improv
fold4,0.571583514099783,0.5435844458571731,390,msp-improv
fold5,0.5093457943925234,0.43114456833393877,335,msp-improv
average,0.5707827329831593,0.49375254347065445,335,msp-improv
