,acc,uar,epoch,dataset
fold1,0.654510556621881,0.6644308049224511,287,iemocap
fold2,0.6962264150943396,0.687536399169147,279,iemocap
fold3,0.5629984051036683,0.4940913907710093,215,iemocap
fold4,0.5730337078651685,0.5182111045616793,284,iemocap
fold5,0.6101231190150479,0.5580535351951871,290,iemocap
average,0.619378440740021,0.5844646469238948,290,iemocap
