,acc,uar,epoch,dataset
fold1,0.5566218809980806,0.5839862302098306,281,iemocap
fold2,0.6056603773584905,0.6269304116758094,175,iemocap
fold3,0.5454545454545454,0.5456785267011336,276,iemocap
fold4,0.5805243445692884,0.5879038426452219,225,iemocap
fold5,0.5540355677154583,0.5743161133557734,140,iemocap
average,0.5684593432191726,0.5837630249175538,140,iemocap
