,acc,uar,epoch,dataset
fold1,0.6180422264875239,0.6726224842590747,114,iemocap
fold2,0.6490566037735849,0.7055837082188205,140,iemocap
fold3,0.5789473684210527,0.5477357467290354,207,iemocap
fold4,0.5936329588014981,0.5640826234217039,291,iemocap
fold5,0.5827633378932968,0.5732030459705519,104,iemocap
average,0.6044884990753914,0.6126455217198373,104,iemocap
