,acc,uar,epoch,dataset
fold1,0.5988023952095808,0.497383225572254,256,msp-improv
fold2,0.5876375952582558,0.4687328357517363,232,msp-improv
fold3,0.5384615384615384,0.4775930459686407,262,msp-improv
fold4,0.5878524945770065,0.5471551176096631,295,msp-improv
fold5,0.4869158878504673,0.3976913871304103,263,msp-improv
average,0.5599339822713698,0.47771112240654084,263,msp-improv
