,acc,uar,epoch,dataset
fold1,0.6679462571976967,0.6964084423219385,247,iemocap
fold2,0.6584905660377358,0.6678019738241828,211,iemocap
fold3,0.6172248803827751,0.5915230546367953,160,iemocap
fold4,0.6254681647940075,0.6226802731113076,294,iemocap
fold5,0.5841313269493844,0.578785686186355,238,iemocap
average,0.6306522390723199,0.6314398860161159,238,iemocap
