,acc,uar,epoch,dataset
fold1,0.6311377245508982,0.5185286733535246,270,msp-improv
fold2,0.5647756138865369,0.4533410637918133,299,msp-improv
fold3,0.5472027972027972,0.45431559121152604,243,msp-improv
fold4,0.5563991323210412,0.4886257681712227,263,msp-improv
fold5,0.5121495327102804,0.43895210178599087,297,msp-improv
average,0.5623329601343107,0.4707526396628155,297,msp-improv
