,acc,uar,epoch,dataset
fold1,0.5604790419161677,0.4780489118724413,272,msp-improv
fold2,0.5131244707874683,0.45498649825804416,261,msp-improv
fold3,0.5052447552447552,0.4677913168077586,228,msp-improv
fold4,0.5292841648590022,0.5307109557109557,241,msp-improv
fold5,0.47757009345794393,0.42722432256539056,129,msp-improv
average,0.5171405052530675,0.47175240104291805,129,msp-improv
