,acc,uar,epoch,dataset
fold1,0.5508982035928144,0.4852192219178339,199,msp-improv
fold2,0.5258255715495342,0.4946716189302962,192,msp-improv
fold3,0.5244755244755245,0.4726593989931067,222,msp-improv
fold4,0.5585683297180043,0.5639489298580207,182,msp-improv
fold5,0.5046728971962616,0.4544596413496199,152,msp-improv
average,0.5328881053064277,0.49419176220977556,152,msp-improv
