,acc,uar,epoch,dataset
fold1,0.5930902111324377,0.6032966186978554,313,iemocap
fold2,0.7188679245283018,0.7064649980149895,349,iemocap
fold3,0.5263157894736842,0.47784503459176725,327,iemocap
fold4,0.5786516853932584,0.5491381649427626,306,iemocap
fold5,0.5923392612859097,0.5638155676366369,385,iemocap
average,0.6018529743627183,0.5801120767768023,385,iemocap
