,acc,uar,epoch,dataset
fold1,0.5293413173652695,0.435323434001557,440,msp-improv
fold2,0.584250635055038,0.4919695265138982,374,msp-improv
fold3,0.5227272727272727,0.44106844431831177,324,msp-improv
fold4,0.5390455531453362,0.5035335876244967,411,msp-improv
fold5,0.505607476635514,0.4203904320749038,484,msp-improv
average,0.5361944509856861,0.4584570849066335,484,msp-improv
