,acc,uar,epoch,dataset
fold1,0.4994011976047904,0.43777774329658004,275,msp-improv
fold2,0.46062658763759523,0.450176274016294,208,msp-improv
fold3,0.458041958041958,0.4029782681136977,191,msp-improv
fold4,0.527114967462039,0.5060394151303242,126,msp-improv
fold5,0.4504672897196262,0.4198862147471184,166,msp-improv
average,0.47913040009320174,0.4433715830608029,166,msp-improv
