,acc,uar,epoch,dataset
fold1,0.5892215568862276,0.5281497436983227,234,msp-improv
fold2,0.5402201524132092,0.46691164140998137,171,msp-improv
fold3,0.5262237762237763,0.5146253186052625,165,msp-improv
fold4,0.5661605206073753,0.5819665183301547,118,msp-improv
fold5,0.5158878504672897,0.4783826899107321,157,msp-improv
average,0.5475427713195756,0.5140071823908906,157,msp-improv
