,acc,uar,epoch,dataset
fold1,0.6564299424184261,0.6422751133215114,253,iemocap
fold2,0.7075471698113207,0.623714184818728,111,iemocap
fold3,0.6363636363636364,0.5826732531960368,214,iemocap
fold4,0.552434456928839,0.5288086115672322,292,iemocap
fold5,0.6046511627906976,0.6000999375898439,263,iemocap
average,0.631485273662584,0.5955142200986705,263,iemocap
