,acc,uar,epoch,dataset
fold1,0.6679462571976967,0.7003372248562469,193,iemocap
fold2,0.6773584905660377,0.6324655035894692,151,iemocap
fold3,0.6220095693779905,0.6028371849901345,139,iemocap
fold4,0.5823970037453183,0.5863408675190285,259,iemocap
fold5,0.5909712722298222,0.5830975328762504,120,iemocap
average,0.6281365186233732,0.621015662766226,120,iemocap
