,acc,uar,epoch,dataset
fold1,0.6641074856046065,0.6673890670663056,477,iemocap
fold2,0.6962264150943396,0.6729850115262207,393,iemocap
fold3,0.6251993620414673,0.5917196514776875,499,iemocap
fold4,0.6254681647940075,0.6143934290486015,458,iemocap
fold5,0.6142270861833106,0.5644108303804357,354,iemocap
average,0.6450457027435463,0.6221795978998502,354,iemocap
